experiment,mean,ci_lower,ci_upper,n
Negation success rate,15.11768988109682,14.025721912157243,16.233923804901725,4121
Control success rate,100.0,100.0,100.0,4121
Probability drop,0.08960114246313658,0.08542798881257177,0.09362324400796374,4121
NES CounterFact,3.6237038911849773,3.5522341277033593,3.6963520593777592,4121
NES xNot360 (neg pairs),-0.4518264427625885,-0.7243843178475637,-0.15016805030987612,180
